{
  "name": "Mocha Tests",
  "time": 7.792,
  "tests": 1,
  "failures": 0,
  "testsuite": [
    {
      "name": "Root Suite",
      "timestamp": "2022-01-17T15:22:38",
      "tests": 0,
      "file": "cypress/integration/calculator.spec.js",
      "time": 0,
      "failures": 0
    },
    {
      "name": "Calculate Tax by State",
      "timestamp": "2022-01-17T15:22:38",
      "tests": 0,
      "time": 0,
      "failures": 0
    },
    {
      "name": "Alabama",
      "timestamp": "2022-01-17T15:22:43",
      "tests": 1,
      "time": 7.792,
      "failures": 0,
      "testcase": [
        {
          "name": "Calculate Tax by State Alabama [S1104C26553] Should calculate the tax for multiple items correctly",
          "time": 7.792,
          "classname": "[S1104C26553] Should calculate the tax for multiple items correctly"
        }
      ]
    }
  ]
}
