{
  "name": "Mocha Tests",
  "time": 4.037,
  "tests": 3,
  "failures": 1,
  "skipped": 1,
  "testsuite": [
    {
      "name": "Root Suite",
      "timestamp": "2022-01-17T15:22:53",
      "tests": 0,
      "file": "cypress/integration/home.spec.js",
      "time": 0,
      "failures": 0
    },
    {
      "name": "Home page",
      "timestamp": "2022-01-17T15:22:53",
      "tests": 3,
      "time": 4.037,
      "failures": 1,
      "testcase": [
        {
          "name": "Home page [S1106C26554] Verify that I can go to google.com",
          "time": 4.037,
          "classname": "[S1106C26554] Verify that I can go to google.com"
        },
        {
          "name": "Home page [S1106C26555] Verify that I can go to qualitywatcher.com",
          "time": 0,
          "classname": "[S1106C26555] Verify that I can go to qualitywatcher.com",
          "failure": [
            {
              "inner": "AssertionError: Timed out retrying after 4000ms: expected 'https://www.google.com/' to include 'qualitywatcher.com'\n    at Context.eval (https://www.google.com/__cypress/tests?p=cypress/integration/home.spec.js:106:14)",
              "message": "Timed out retrying after 4000ms: expected 'https://www.google.com/' to include 'qualitywatcher.com'",
              "type": "AssertionError"
            }
          ]
        }
      ]
    }
  ]
}
